Territorio;Età;Value;
Piemonte;0;26982;
Valle d'Aosta / Vallée d'Aoste;0;783;
Liguria;0;8712;
Lombardia;0;68923;
Provincia Autonoma Bolzano / Bozen;0;5180;
Provincia Autonoma Trento;0;4060;
Veneto;0;32549;
Friuli-Venezia Giulia;0;7428;
Emilia-Romagna;0;29918;
Toscana;0;22223;
Umbria;0;5214;
Marche;0;9426;
Lazio;0;37378;
Abruzzo;0;8189;
Molise;0;1698;
Campania;0;44361;
Puglia;0;26031;
Basilicata;0;3484;
Calabria;0;13740;
Sicilia;0;36671;
Sardegna;0;8164;
Provincia Autonoma Trento;1;4286;
Valle d'Aosta / Vallée d'Aoste;1;827;
Emilia-Romagna;1;31261;
Basilicata;1;3613;
Lombardia;1;73287;
Provincia Autonoma Bolzano / Bozen;1;5279;
Liguria;1;8757;
Marche;1;9690;
Sicilia;1;37884;
Sardegna;1;8757;
Calabria;1;14228;
Abruzzo;1;8509;
Lazio;1;39562;
Piemonte;1;28010;
Veneto;1;33582;
Puglia;1;27207;
Friuli-Venezia Giulia;1;7523;
Toscana;1;23394;
Molise;1;1881;
Campania;1;46096;
Umbria;1;5570;
Valle d'Aosta / Vallée d'Aoste;2;892;
Emilia-Romagna;2;33041;
Sardegna;2;9262;
Basilicata;2;3659;
Campania;2;47181;
Toscana;2;24909;
Marche;2;10216;
Umbria;2;5748;
Puglia;2;28522;
Molise;2;1873;
Sicilia;2;39549;
Abruzzo;2;8873;
Calabria;2;14811;
Friuli-Venezia Giulia;2;7874;
Veneto;2;35664;
Lazio;2;42506;
Provincia Autonoma Trento;2;4437;
Piemonte;2;29119;
Lombardia;2;76708;
Liguria;2;9077;
Provincia Autonoma Bolzano / Bozen;2;5339;
Umbria;3;6034;
Lazio;3;44454;
Abruzzo;3;9530;
Campania;3;49336;
Emilia-Romagna;3;33968;
Friuli-Venezia Giulia;3;8266;
Provincia Autonoma Trento;3;4599;
Veneto;3;37170;
Molise;3;2076;
Basilicata;3;3904;
Valle d'Aosta / Vallée d'Aoste;3;880;
Liguria;3;9804;
Provincia Autonoma Bolzano / Bozen;3;5444;
Piemonte;3;30954;
Marche;3;10759;
Sardegna;3;10032;
Lombardia;3;80142;
Toscana;3;26259;
Calabria;3;15389;
Sicilia;3;40538;
Puglia;3;29759;
Valle d'Aosta / Vallée d'Aoste;4;950;
Veneto;4;38286;
Lombardia;4;82815;
Piemonte;4;32210;
Liguria;4;10020;
Lazio;4;46634;
Umbria;4;6404;
Abruzzo;4;9986;
Molise;4;2027;
Campania;4;49581;
Friuli-Venezia Giulia;4;8680;
Provincia Autonoma Trento;4;4772;
Emilia-Romagna;4;35530;
Puglia;4;30711;
Calabria;4;15650;
Provincia Autonoma Bolzano / Bozen;4;5531;
Toscana;4;27186;
Sardegna;4;10450;
Marche;4;11432;
Basilicata;4;3989;
Sicilia;4;40639;
Piemonte;5;32927;
Valle d'Aosta / Vallée d'Aoste;5;974;
Provincia Autonoma Trento;5;4897;
Toscana;5;27756;
Lombardia;5;85627;
Veneto;5;39373;
Liguria;5;10314;
Emilia-Romagna;5;36632;
Friuli-Venezia Giulia;5;8766;
Provincia Autonoma Bolzano / Bozen;5;5532;
Umbria;5;6476;
Marche;5;11869;
Lazio;5;47786;
Abruzzo;5;10148;
Molise;5;2102;
Campania;5;50327;
Puglia;5;31065;
Basilicata;5;4035;
Calabria;5;15935;
Sicilia;5;41946;
Sardegna;5;11028;
Emilia-Romagna;6;37561;
Provincia Autonoma Trento;6;4976;
Molise;6;2148;
Piemonte;6;34280;
Lombardia;6;87658;
Valle d'Aosta / Vallée d'Aoste;6;1045;
Veneto;6;40745;
Basilicata;6;4049;
Sicilia;6;43035;
Calabria;6;16061;
Abruzzo;6;10349;
Lazio;6;49519;
Friuli-Venezia Giulia;6;9278;
Provincia Autonoma Bolzano / Bozen;6;5690;
Sardegna;6;11297;
Toscana;6;29298;
Puglia;6;32462;
Campania;6;50988;
Liguria;6;10952;
Marche;6;12184;
Umbria;6;6893;
Basilicata;7;4040;
Sardegna;7;11636;
Lazio;7;50385;
Sicilia;7;42436;
Umbria;7;7140;
Abruzzo;7;10465;
Molise;7;2186;
Marche;7;12503;
Calabria;7;16119;
Toscana;7;29581;
Puglia;7;33094;
Campania;7;52032;
Provincia Autonoma Bolzano / Bozen;7;5429;
Lombardia;7;89162;
Piemonte;7;35165;
Provincia Autonoma Trento;7;5205;
Emilia-Romagna;7;38482;
Valle d'Aosta / Vallée d'Aoste;7;1026;
Veneto;7;41695;
Friuli-Venezia Giulia;7;9456;
Liguria;7;11050;
Basilicata;8;4408;
Sardegna;8;12242;
Piemonte;8;36486;
Provincia Autonoma Trento;8;5270;
Lombardia;8;92277;
Emilia-Romagna;8;39622;
Provincia Autonoma Bolzano / Bozen;8;5652;
Friuli-Venezia Giulia;8;9853;
Valle d'Aosta / Vallée d'Aoste;8;1135;
Lazio;8;53324;
Calabria;8;16487;
Umbria;8;7479;
Abruzzo;8;11029;
Molise;8;2236;
Liguria;8;11681;
Veneto;8;43675;
Puglia;8;34296;
Sicilia;8;44568;
Marche;8;12781;
Toscana;8;31379;
Campania;8;54401;
Puglia;9;35405;
Calabria;9;16761;
Toscana;9;31751;
Campania;9;55547;
Marche;9;13430;
Lazio;9;53193;
Friuli-Venezia Giulia;9;10042;
Sardegna;9;12861;
Piemonte;9;36761;
Umbria;9;7568;
Valle d'Aosta / Vallée d'Aoste;9;1189;
Lombardia;9;94084;
Basilicata;9;4388;
Provincia Autonoma Bolzano / Bozen;9;5552;
Sicilia;9;44651;
Emilia-Romagna;9;40346;
Liguria;9;11504;
Molise;9;2306;
Provincia Autonoma Trento;9;5370;
Veneto;9;44483;
Abruzzo;9;11149;
Sardegna;10;13266;
Piemonte;10;37638;
Valle d'Aosta / Vallée d'Aoste;10;1159;
Provincia Autonoma Bolzano / Bozen;10;5539;
Sicilia;10;46097;
Provincia Autonoma Trento;10;5579;
Basilicata;10;4509;
Emilia-Romagna;10;41686;
Molise;10;2423;
Umbria;10;7749;
Abruzzo;10;11494;
Calabria;10;17252;
Puglia;10;36583;
Liguria;10;11975;
Lombardia;10;96773;
Marche;10;13614;
Toscana;10;32788;
Campania;10;57278;
Lazio;10;54471;
Veneto;10;45748;
Friuli-Venezia Giulia;10;10426;
Piemonte;11;38691;
Valle d'Aosta / Vallée d'Aoste;11;1224;
Liguria;11;12539;
Veneto;11;46481;
Provincia Autonoma Trento;11;5514;
Emilia-Romagna;11;42352;
Provincia Autonoma Bolzano / Bozen;11;5506;
Marche;11;13986;
Sicilia;11;47195;
Umbria;11;7717;
Toscana;11;32891;
Molise;11;2269;
Lombardia;11;98748;
Friuli-Venezia Giulia;11;10581;
Lazio;11;54678;
Abruzzo;11;11320;
Basilicata;11;4732;
Calabria;11;17481;
Campania;11;58709;
Puglia;11;36999;
Sardegna;11;13314;
Lombardia;12;98917;
Liguria;12;12788;
Emilia-Romagna;12;42173;
Umbria;12;8135;
Friuli-Venezia Giulia;12;10559;
Lazio;12;55091;
Molise;12;2471;
Veneto;12;47414;
Calabria;12;17694;
Abruzzo;12;11702;
Sicilia;12;47999;
Puglia;12;37496;
Marche;12;14035;
Basilicata;12;4865;
Toscana;12;33921;
Campania;12;59494;
Sardegna;12;13341;
Piemonte;12;38934;
Valle d'Aosta / Vallée d'Aoste;12;1204;
Provincia Autonoma Bolzano / Bozen;12;5681;
Provincia Autonoma Trento;12;5619;
Marche;13;13868;
Calabria;13;17761;
Liguria;13;12504;
Sardegna;13;13316;
Toscana;13;33570;
Lombardia;13;97756;
Provincia Autonoma Bolzano / Bozen;13;5746;
Valle d'Aosta / Vallée d'Aoste;13;1205;
Basilicata;13;4799;
Sicilia;13;47751;
Emilia-Romagna;13;41855;
Veneto;13;46931;
Abruzzo;13;11513;
Piemonte;13;38941;
Puglia;13;37923;
Molise;13;2479;
Provincia Autonoma Trento;13;5459;
Umbria;13;8112;
Lazio;13;55348;
Friuli-Venezia Giulia;13;10725;
Campania;13;60762;
Sicilia;14;48712;
Sardegna;14;13403;
Liguria;14;12696;
Piemonte;14;38373;
Valle d'Aosta / Vallée d'Aoste;14;1238;
Lombardia;14;98124;
Provincia Autonoma Bolzano / Bozen;14;5702;
Provincia Autonoma Trento;14;5531;
Veneto;14;47014;
Friuli-Venezia Giulia;14;10708;
Emilia-Romagna;14;41516;
Toscana;14;33397;
Umbria;14;7992;
Marche;14;13646;
Lazio;14;54937;
Abruzzo;14;11387;
Molise;14;2461;
Campania;14;61068;
Puglia;14;38189;
Basilicata;14;4957;
Calabria;14;18291;
Piemonte;15;38154;
Valle d'Aosta / Vallée d'Aoste;15;1151;
Liguria;15;12628;
Lombardia;15;95895;
Provincia Autonoma Bolzano / Bozen;15;5831;
Provincia Autonoma Trento;15;5597;
Veneto;15;46659;
Friuli-Venezia Giulia;15;10517;
Emilia-Romagna;15;40819;
Toscana;15;33271;
Umbria;15;7967;
Marche;15;13677;
Lazio;15;53209;
Campania;15;61691;
Puglia;15;38899;
Sardegna;15;13480;
Abruzzo;15;11521;
Molise;15;2548;
Basilicata;15;4925;
Calabria;15;18086;
Sicilia;15;49668;
Liguria;16;12717;
Abruzzo;16;11623;
Molise;16;2556;
Campania;16;63780;
Puglia;16;40247;
Basilicata;16;5266;
Calabria;16;18649;
Sicilia;16;50598;
Piemonte;16;38189;
Valle d'Aosta / Vallée d'Aoste;16;1180;
Lombardia;16;96239;
Provincia Autonoma Bolzano / Bozen;16;5814;
Provincia Autonoma Trento;16;5736;
Veneto;16;47389;
Friuli-Venezia Giulia;16;10584;
Emilia-Romagna;16;40543;
Toscana;16;33218;
Umbria;16;7763;
Marche;16;13708;
Lazio;16;53594;
Sardegna;16;13277;
Piemonte;17;38348;
Valle d'Aosta / Vallée d'Aoste;17;1191;
Liguria;17;12536;
Lombardia;17;94414;
Provincia Autonoma Bolzano / Bozen;17;5787;
Provincia Autonoma Trento;17;5524;
Veneto;17;46467;
Friuli-Venezia Giulia;17;10556;
Emilia-Romagna;17;39629;
Toscana;17;32464;
Umbria;17;7691;
Marche;17;13576;
Lazio;17;53107;
Puglia;17;40659;
Sardegna;17;13760;
Abruzzo;17;11530;
Molise;17;2638;
Campania;17;64549;
Basilicata;17;5321;
Calabria;17;18745;
Sicilia;17;50685;
Veneto;18;46077;
Friuli-Venezia Giulia;18;10444;
Emilia-Romagna;18;40048;
Toscana;18;32786;
Umbria;18;7721;
Marche;18;13723;
Lazio;18;52325;
Abruzzo;18;11441;
Molise;18;2696;
Campania;18;64201;
Puglia;18;40848;
Basilicata;18;5497;
Calabria;18;18621;
Sicilia;18;51079;
Sardegna;18;13536;
Piemonte;18;37892;
Valle d'Aosta / Vallée d'Aoste;18;1124;
Liguria;18;12891;
Lombardia;18;93382;
Provincia Autonoma Bolzano / Bozen;18;5639;
Provincia Autonoma Trento;18;5567;
Piemonte;19;38166;
Valle d'Aosta / Vallée d'Aoste;19;1191;
Liguria;19;13024;
Lombardia;19;95095;
Provincia Autonoma Bolzano / Bozen;19;5926;
Provincia Autonoma Trento;19;5630;
Veneto;19;46127;
Friuli-Venezia Giulia;19;10674;
Emilia-Romagna;19;40215;
Toscana;19;32804;
Umbria;19;7683;
Marche;19;13721;
Lazio;19;52839;
Abruzzo;19;11813;
Molise;19;2743;
Campania;19;65782;
Puglia;19;42049;
Basilicata;19;5548;
Calabria;19;19394;
Sicilia;19;52351;
Sardegna;19;13888;
Piemonte;20;39882;
Liguria;20;13324;
Lombardia;20;97236;
Provincia Autonoma Trento;20;5780;
Valle d'Aosta / Vallée d'Aoste;20;1225;
Provincia Autonoma Bolzano / Bozen;20;6034;
Veneto;20;48097;
Friuli-Venezia Giulia;20;11020;
Emilia-Romagna;20;41263;
Toscana;20;33329;
Umbria;20;7861;
Marche;20;14304;
Lazio;20;53919;
Abruzzo;20;12106;
Molise;20;2856;
Campania;20;67134;
Puglia;20;43036;
Basilicata;20;5734;
Calabria;20;19957;
Sicilia;20;53628;
Sardegna;20;14402;
Piemonte;21;39475;
Valle d'Aosta / Vallée d'Aoste;21;1199;
Liguria;21;13221;
Lombardia;21;96408;
Provincia Autonoma Bolzano / Bozen;21;6104;
Provincia Autonoma Trento;21;5739;
Veneto;21;47458;
Friuli-Venezia Giulia;21;10646;
Emilia-Romagna;21;40540;
Toscana;21;32624;
Umbria;21;7864;
Marche;21;14267;
Lazio;21;53321;
Abruzzo;21;12043;
Molise;21;2958;
Campania;21;67324;
Puglia;21;43014;
Basilicata;21;5758;
Calabria;21;19909;
Sicilia;21;54203;
Sardegna;21;14279;
Piemonte;22;40289;
Valle d'Aosta / Vallée d'Aoste;22;1210;
Liguria;22;13502;
Lombardia;22;97275;
Provincia Autonoma Trento;22;5827;
Veneto;22;48261;
Friuli-Venezia Giulia;22;10781;
Emilia-Romagna;22;41005;
Umbria;22;7938;
Marche;22;14582;
Sicilia;22;53258;
Sardegna;22;14026;
Provincia Autonoma Bolzano / Bozen;22;6177;
Toscana;22;33429;
Lazio;22;54387;
Abruzzo;22;12418;
Molise;22;3065;
Campania;22;67309;
Puglia;22;42984;
Basilicata;22;5760;
Calabria;22;20218;
Sicilia;23;53282;
Sardegna;23;14154;
Piemonte;23;40227;
Valle d'Aosta / Vallée d'Aoste;23;1148;
Liguria;23;13385;
Lombardia;23;96989;
Provincia Autonoma Bolzano / Bozen;23;6276;
Provincia Autonoma Trento;23;5707;
Veneto;23;48285;
Friuli-Venezia Giulia;23;10706;
Emilia-Romagna;23;41171;
Toscana;23;33207;
Umbria;23;7939;
Marche;23;14466;
Lazio;23;54351;
Abruzzo;23;12372;
Molise;23;3012;
Campania;23;67139;
Puglia;23;42748;
Basilicata;23;5727;
Calabria;23;19852;
Piemonte;24;39893;
Valle d'Aosta / Vallée d'Aoste;24;1225;
Liguria;24;13744;
Lombardia;24;96700;
Provincia Autonoma Bolzano / Bozen;24;6198;
Provincia Autonoma Trento;24;5781;
Veneto;24;47871;
Friuli-Venezia Giulia;24;11004;
Emilia-Romagna;24;41169;
Toscana;24;33327;
Umbria;24;7972;
Marche;24;14378;
Lazio;24;54926;
Abruzzo;24;12578;
Molise;24;3012;
Campania;24;67401;
Puglia;24;42852;
Basilicata;24;5824;
Calabria;24;20322;
Sicilia;24;53474;
Sardegna;24;14373;
Piemonte;25;39750;
Valle d'Aosta / Vallée d'Aoste;25;1152;
Liguria;25;13360;
Lombardia;25;96485;
Provincia Autonoma Bolzano / Bozen;25;5953;
Provincia Autonoma Trento;25;5704;
Veneto;25;47230;
Friuli-Venezia Giulia;25;10662;
Emilia-Romagna;25;41317;
Toscana;25;33051;
Umbria;25;7938;
Marche;25;14440;
Lazio;25;55415;
Abruzzo;25;12506;
Molise;25;3090;
Campania;25;67245;
Puglia;25;42438;
Basilicata;25;5847;
Calabria;25;20581;
Sicilia;25;53674;
Sardegna;25;14744;
Provincia Autonoma Bolzano / Bozen;26;6084;
Provincia Autonoma Trento;26;5732;
Veneto;26;47395;
Friuli-Venezia Giulia;26;10751;
Emilia-Romagna;26;42255;
Toscana;26;33382;
Umbria;26;7985;
Marche;26;14319;
Lazio;26;55943;
Abruzzo;26;12917;
Molise;26;3165;
Campania;26;67625;
Puglia;26;42594;
Basilicata;26;5981;
Calabria;26;20957;
Sicilia;26;54600;
Sardegna;26;14901;
Piemonte;26;40273;
Valle d'Aosta / Vallée d'Aoste;26;1129;
Liguria;26;13452;
Lombardia;26;97923;
Piemonte;27;40990;
Valle d'Aosta / Vallée d'Aoste;27;1137;
Liguria;27;13693;
Lombardia;27;100230;
Provincia Autonoma Bolzano / Bozen;27;5901;
Provincia Autonoma Trento;27;5816;
Veneto;27;47778;
Friuli-Venezia Giulia;27;10868;
Emilia-Romagna;27;43036;
Toscana;27;33910;
Umbria;27;8170;
Marche;27;14562;
Lazio;27;56990;
Abruzzo;27;13276;
Molise;27;3224;
Campania;27;68624;
Puglia;27;43501;
Basilicata;27;6057;
Calabria;27;21710;
Sicilia;27;56065;
Sardegna;27;15297;
Piemonte;28;42561;
Valle d'Aosta / Vallée d'Aoste;28;1263;
Liguria;28;14379;
Lombardia;28;104170;
Provincia Autonoma Bolzano / Bozen;28;6085;
Veneto;28;49689;
Abruzzo;28;13797;
Molise;28;3358;
Campania;28;71352;
Puglia;28;45244;
Basilicata;28;6494;
Calabria;28;22240;
Sicilia;28;58164;
Sardegna;28;15967;
Provincia Autonoma Trento;28;6031;
Friuli-Venezia Giulia;28;11560;
Emilia-Romagna;28;45655;
Toscana;28;35821;
Umbria;28;8586;
Marche;28;15147;
Lazio;28;59708;
Basilicata;29;6305;
Calabria;29;22117;
Piemonte;29;42820;
Valle d'Aosta / Vallée d'Aoste;29;1191;
Liguria;29;14174;
Lombardia;29;105303;
Provincia Autonoma Bolzano / Bozen;29;6243;
Provincia Autonoma Trento;29;5925;
Veneto;29;49674;
Friuli-Venezia Giulia;29;11653;
Emilia-Romagna;29;46041;
Toscana;29;35790;
Umbria;29;8496;
Marche;29;15101;
Lazio;29;59526;
Abruzzo;29;13782;
Molise;29;3278;
Sicilia;29;57198;
Sardegna;29;16313;
Campania;29;70598;
Puglia;29;44407;
Lombardia;30;108265;
Provincia Autonoma Bolzano / Bozen;30;6288;
Provincia Autonoma Trento;30;6015;
Veneto;30;50753;
Friuli-Venezia Giulia;30;11798;
Emilia-Romagna;30;47301;
Toscana;30;37539;
Umbria;30;8695;
Marche;30;15536;
Lazio;30;61600;
Abruzzo;30;14008;
Molise;30;3294;
Campania;30;70156;
Puglia;30;44278;
Basilicata;30;6564;
Calabria;30;22690;
Sicilia;30;57715;
Sardegna;30;16808;
Liguria;30;14339;
Piemonte;30;43922;
Valle d'Aosta / Vallée d'Aoste;30;1260;
Provincia Autonoma Bolzano / Bozen;31;6250;
Liguria;31;14326;
Valle d'Aosta / Vallée d'Aoste;31;1234;
Veneto;31;50512;
Lombardia;31;109255;
Friuli-Venezia Giulia;31;11806;
Provincia Autonoma Trento;31;5887;
Emilia-Romagna;31;47162;
Toscana;31;37266;
Umbria;31;8948;
Marche;31;15339;
Lazio;31;61896;
Abruzzo;31;14035;
Molise;31;3260;
Campania;31;69791;
Puglia;31;43904;
Basilicata;31;6340;
Calabria;31;23037;
Sicilia;31;57767;
Sardegna;31;16849;
Piemonte;31;43340;
Valle d'Aosta / Vallée d'Aoste;32;1283;
Liguria;32;14660;
Lombardia;32;112447;
Provincia Autonoma Bolzano / Bozen;32;6182;
Veneto;32;51585;
Provincia Autonoma Trento;32;6067;
Friuli-Venezia Giulia;32;12097;
Emilia-Romagna;32;47760;
Toscana;32;38723;
Umbria;32;9371;
Marche;32;15751;
Lazio;32;64224;
Sicilia;32;58109;
Sardegna;32;17072;
Piemonte;32;44469;
Abruzzo;32;14358;
Molise;32;3357;
Puglia;32;45040;
Campania;32;70878;
Basilicata;32;6392;
Calabria;32;23501;
Piemonte;33;43496;
Valle d'Aosta / Vallée d'Aoste;33;1258;
Liguria;33;14349;
Lombardia;33;110583;
Provincia Autonoma Bolzano / Bozen;33;5978;
Provincia Autonoma Trento;33;5993;
Veneto;33;49981;
Friuli-Venezia Giulia;33;11631;
Emilia-Romagna;33;47728;
Toscana;33;37911;
Umbria;33;9050;
Marche;33;15401;
Lazio;33;63991;
Abruzzo;33;14118;
Molise;33;3335;
Campania;33;68831;
Puglia;33;44329;
Basilicata;33;6300;
Calabria;33;23097;
Sicilia;33;56796;
Sardegna;33;17258;
Emilia-Romagna;34;48065;
Toscana;34;38012;
Marche;34;15913;
Lazio;34;64236;
Abruzzo;34;14511;
Molise;34;3314;
Campania;34;68243;
Piemonte;34;44267;
Umbria;34;9263;
Puglia;34;43988;
Basilicata;34;6180;
Calabria;34;22864;
Sicilia;34;56916;
Sardegna;34;17303;
Valle d'Aosta / Vallée d'Aoste;34;1249;
Provincia Autonoma Trento;34;5926;
Liguria;34;14196;
Friuli-Venezia Giulia;34;11959;
Provincia Autonoma Bolzano / Bozen;34;6112;
Lombardia;34;111391;
Veneto;34;50424;
Piemonte;35;45328;
Valle d'Aosta / Vallée d'Aoste;35;1300;
Liguria;35;14857;
Lombardia;35;114782;
Provincia Autonoma Bolzano / Bozen;35;6212;
Provincia Autonoma Trento;35;6078;
Veneto;35;53001;
Friuli-Venezia Giulia;35;12486;
Emilia-Romagna;35;49939;
Toscana;35;39685;
Umbria;35;9547;
Marche;35;16327;
Lazio;35;67395;
Abruzzo;35;14973;
Molise;35;3384;
Campania;35;69882;
Puglia;35;44011;
Basilicata;35;6430;
Calabria;35;23012;
Sicilia;35;57421;
Sardegna;35;18036;
Piemonte;36;45586;
Liguria;36;14763;
Provincia Autonoma Trento;36;6165;
Molise;36;3372;
Campania;36;71059;
Puglia;36;45708;
Basilicata;36;6543;
Calabria;36;23422;
Sicilia;36;58628;
Sardegna;36;18405;
Valle d'Aosta / Vallée d'Aoste;36;1311;
Lombardia;36;117495;
Provincia Autonoma Bolzano / Bozen;36;6207;
Veneto;36;53098;
Friuli-Venezia Giulia;36;12700;
Emilia-Romagna;36;51016;
Toscana;36;40397;
Umbria;36;9640;
Marche;36;16542;
Lazio;36;69540;
Abruzzo;36;15216;
Umbria;37;10297;
Marche;37;17009;
Lazio;37;71141;
Puglia;37;46082;
Piemonte;37;47024;
Valle d'Aosta / Vallée d'Aoste;37;1392;
Liguria;37;15153;
Lombardia;37;120253;
Provincia Autonoma Bolzano / Bozen;37;6415;
Provincia Autonoma Trento;37;6307;
Veneto;37;54233;
Friuli-Venezia Giulia;37;12694;
Emilia-Romagna;37;52063;
Toscana;37;41567;
Abruzzo;37;15185;
Molise;37;3408;
Campania;37;71783;
Basilicata;37;6469;
Calabria;37;23243;
Sicilia;37;57950;
Sardegna;37;18895;
Abruzzo;38;15919;
Molise;38;3552;
Campania;38;73644;
Puglia;38;47621;
Basilicata;38;6574;
Calabria;38;23783;
Sicilia;38;59913;
Sardegna;38;19909;
Piemonte;38;48848;
Valle d'Aosta / Vallée d'Aoste;38;1405;
Liguria;38;15156;
Lombardia;38;124685;
Provincia Autonoma Bolzano / Bozen;38;6766;
Provincia Autonoma Trento;38;6357;
Veneto;38;56315;
Friuli-Venezia Giulia;38;13432;
Emilia-Romagna;38;53643;
Toscana;38;42778;
Umbria;38;10278;
Marche;38;17762;
Lazio;38;73868;
Piemonte;39;49056;
Valle d'Aosta / Vallée d'Aoste;39;1328;
Liguria;39;15824;
Lombardia;39;125651;
Provincia Autonoma Bolzano / Bozen;39;6779;
Provincia Autonoma Trento;39;6234;
Veneto;39;57333;
Friuli-Venezia Giulia;39;13538;
Emilia-Romagna;39;53863;
Toscana;39;43343;
Umbria;39;10519;
Marche;39;17867;
Lazio;39;74613;
Abruzzo;39;15840;
Molise;39;3572;
Campania;39;72787;
Puglia;39;48411;
Basilicata;39;6534;
Sicilia;39;60036;
Calabria;39;23733;
Sardegna;39;20042;
Toscana;40;44578;
Emilia-Romagna;40;55870;
Abruzzo;40;16322;
Lazio;40;76035;
Piemonte;40;50438;
Valle d'Aosta / Vallée d'Aoste;40;1439;
Liguria;40;15676;
Lombardia;40;127905;
Provincia Autonoma Bolzano / Bozen;40;6777;
Provincia Autonoma Trento;40;6436;
Veneto;40;58975;
Friuli-Venezia Giulia;40;14072;
Umbria;40;10650;
Marche;40;18685;
Molise;40;3565;
Campania;40;73849;
Puglia;40;49808;
Basilicata;40;6577;
Calabria;40;24171;
Sicilia;40;62232;
Sardegna;40;20810;
Piemonte;41;51636;
Valle d'Aosta / Vallée d'Aoste;41;1426;
Liguria;41;16405;
Lombardia;41;130833;
Provincia Autonoma Bolzano / Bozen;41;6642;
Provincia Autonoma Trento;41;6619;
Veneto;41;61403;
Friuli-Venezia Giulia;41;14431;
Emilia-Romagna;41;58187;
Toscana;41;46678;
Umbria;41;11062;
Marche;41;19447;
Lazio;41;78468;
Abruzzo;41;16920;
Molise;41;3770;
Puglia;41;52406;
Basilicata;41;6740;
Calabria;41;24669;
Campania;41;75436;
Sicilia;41;62881;
Sardegna;41;21028;
Friuli-Venezia Giulia;42;15680;
Emilia-Romagna;42;61857;
Toscana;42;49524;
Piemonte;42;55157;
Valle d'Aosta / Vallée d'Aoste;42;1695;
Liguria;42;17701;
Lombardia;42;138065;
Provincia Autonoma Bolzano / Bozen;42;6795;
Provincia Autonoma Trento;42;7154;
Veneto;42;65550;
Umbria;42;11620;
Marche;42;20675;
Lazio;42;82572;
Abruzzo;42;17565;
Molise;42;3878;
Campania;42;77464;
Puglia;42;54164;
Basilicata;42;7168;
Calabria;42;24995;
Sicilia;42;64753;
Sardegna;42;23017;
Piemonte;43;58047;
Valle d'Aosta / Vallée d'Aoste;43;1653;
Liguria;43;18733;
Lombardia;43;143635;
Provincia Autonoma Bolzano / Bozen;43;6783;
Provincia Autonoma Trento;43;7253;
Veneto;43;67934;
Friuli-Venezia Giulia;43;15953;
Emilia-Romagna;43;64329;
Toscana;43;51338;
Marche;43;21271;
Umbria;43;12057;
Lazio;43;84068;
Abruzzo;43;17710;
Molise;43;3906;
Campania;43;79059;
Puglia;43;56413;
Basilicata;43;7306;
Calabria;43;25588;
Sicilia;43;65656;
Sardegna;43;23452;
Piemonte;44;60672;
Valle d'Aosta / Vallée d'Aoste;44;1766;
Liguria;44;19829;
Lombardia;44;148984;
Abruzzo;44;18438;
Molise;44;4039;
Campania;44;81947;
Puglia;44;58512;
Basilicata;44;7838;
Calabria;44;26765;
Sicilia;44;68822;
Sardegna;44;24382;
Provincia Autonoma Bolzano / Bozen;44;6983;
Provincia Autonoma Trento;44;7597;
Veneto;44;71016;
Friuli-Venezia Giulia;44;16875;
Emilia-Romagna;44;67478;
Toscana;44;53763;
Umbria;44;12459;
Marche;44;21848;
Lazio;44;87471;
Piemonte;45;64255;
Toscana;45;56558;
Valle d'Aosta / Vallée d'Aoste;45;1834;
Umbria;45;13028;
Liguria;45;21218;
Lombardia;45;158472;
Provincia Autonoma Bolzano / Bozen;45;7474;
Provincia Autonoma Trento;45;7907;
Veneto;45;74531;
Friuli-Venezia Giulia;45;17865;
Emilia-Romagna;45;70911;
Marche;45;22961;
Lazio;45;92009;
Abruzzo;45;18938;
Molise;45;4290;
Campania;45;84732;
Puglia;45;60089;
Basilicata;45;7946;
Calabria;45;26704;
Sicilia;45;70639;
Sardegna;45;25639;
Provincia Autonoma Bolzano / Bozen;46;7923;
Provincia Autonoma Trento;46;8403;
Veneto;46;79166;
Friuli-Venezia Giulia;46;19278;
Emilia-Romagna;46;73835;
Toscana;46;59237;
Umbria;46;13618;
Marche;46;23501;
Lazio;46;95524;
Abruzzo;46;19756;
Molise;46;4471;
Campania;46;87633;
Puglia;46;61634;
Basilicata;46;8121;
Calabria;46;26995;
Sicilia;46;73020;
Sardegna;46;26777;
Piemonte;47;66988;
Valle d'Aosta / Vallée d'Aoste;47;1992;
Liguria;47;22955;
Lombardia;47;162975;
Provincia Autonoma Bolzano / Bozen;47;7966;
Provincia Autonoma Trento;47;8344;
Veneto;47;78571;
Friuli-Venezia Giulia;47;19087;
Emilia-Romagna;47;73801;
Toscana;47;59478;
Umbria;47;13519;
Marche;47;23201;
Lazio;47;95402;
Abruzzo;47;19555;
Molise;47;4292;
Campania;47;86287;
Puglia;47;59755;
Basilicata;47;7998;
Calabria;47;26984;
Sicilia;47;71715;
Sardegna;47;26772;
Piemonte;48;68597;
Valle d'Aosta / Vallée d'Aoste;48;1999;
Liguria;48;24223;
Lombardia;48;164258;
Provincia Autonoma Bolzano / Bozen;48;8350;
Provincia Autonoma Trento;48;8225;
Veneto;48;79729;
Friuli-Venezia Giulia;48;19684;
Emilia-Romagna;48;74007;
Toscana;48;59950;
Umbria;48;13358;
Marche;48;23441;
Lazio;48;96404;
Abruzzo;48;20145;
Molise;48;4425;
Campania;48;86812;
Puglia;48;58816;
Basilicata;48;8209;
Calabria;48;27183;
Sicilia;48;72093;
Sardegna;48;26472;
Piemonte;46;67026;
Valle d'Aosta / Vallée d'Aoste;46;1961;
Liguria;46;22601;
Lombardia;46;163204;
Piemonte;49;69622;
Valle d'Aosta / Vallée d'Aoste;49;2082;
Liguria;49;24424;
Lombardia;49;164404;
Provincia Autonoma Bolzano / Bozen;49;8508;
Provincia Autonoma Trento;49;8600;
Veneto;49;80762;
Friuli-Venezia Giulia;49;19750;
Emilia-Romagna;49;74463;
Toscana;49;60408;
Umbria;49;13583;
Marche;49;24203;
Lazio;49;96302;
Abruzzo;49;20488;
Molise;49;4411;
Campania;49;87343;
Puglia;49;60194;
Basilicata;49;8294;
Calabria;49;27589;
Sicilia;49;73536;
Sardegna;49;26456;
Toscana;50;59314;
Umbria;50;13376;
Marche;50;23449;
Lazio;50;96197;
Abruzzo;50;20088;
Molise;50;4423;
Campania;50;85890;
Basilicata;50;8410;
Calabria;50;27342;
Sicilia;50;72798;
Sardegna;50;26141;
Piemonte;50;68928;
Valle d'Aosta / Vallée d'Aoste;50;2060;
Liguria;50;24573;
Lombardia;50;162947;
Provincia Autonoma Bolzano / Bozen;50;8470;
Provincia Autonoma Trento;50;8285;
Veneto;50;80720;
Friuli-Venezia Giulia;50;19936;
Emilia-Romagna;50;73414;
Puglia;50;59811;
Piemonte;51;71362;
Valle d'Aosta / Vallée d'Aoste;51;2190;
Liguria;51;25155;
Lombardia;51;166895;
Provincia Autonoma Bolzano / Bozen;51;8926;
Provincia Autonoma Trento;51;8765;
Veneto;51;82761;
Friuli-Venezia Giulia;51;20014;
Emilia-Romagna;51;74156;
Toscana;51;60903;
Umbria;51;13797;
Marche;51;24301;
Lazio;51;97398;
Abruzzo;51;20960;
Molise;51;4659;
Campania;51;88045;
Puglia;51;61360;
Basilicata;51;8634;
Calabria;51;28845;
Sicilia;51;75076;
Sardegna;51;26968;
Piemonte;52;70826;
Valle d'Aosta / Vallée d'Aoste;52;2114;
Liguria;52;25418;
Lombardia;52;165973;
Provincia Autonoma Bolzano / Bozen;52;8751;
Provincia Autonoma Trento;52;8711;
Veneto;52;81849;
Friuli-Venezia Giulia;52;19955;
Emilia-Romagna;52;73597;
Toscana;52;59975;
Umbria;52;13779;
Marche;52;23996;
Lazio;52;96284;
Abruzzo;52;20758;
Molise;52;4681;
Campania;52;88030;
Puglia;52;61529;
Basilicata;52;8685;
Calabria;52;28436;
Sicilia;52;74085;
Sardegna;52;26252;
Piemonte;53;70711;
Valle d'Aosta / Vallée d'Aoste;53;2157;
Liguria;53;25241;
Lombardia;53;165296;
Provincia Autonoma Bolzano / Bozen;53;8580;
Provincia Autonoma Trento;53;8846;
Veneto;53;82439;
Friuli-Venezia Giulia;53;20153;
Emilia-Romagna;53;72533;
Toscana;53;60306;
Umbria;53;13625;
Marche;53;24062;
Lazio;53;96381;
Abruzzo;53;20913;
Molise;53;4791;
Campania;53;88995;
Puglia;53;62324;
Basilicata;53;8930;
Calabria;53;28700;
Sicilia;53;74832;
Sardegna;53;27038;
Piemonte;54;71160;
Valle d'Aosta / Vallée d'Aoste;54;2183;
Liguria;54;26214;
Lombardia;54;168064;
Provincia Autonoma Bolzano / Bozen;54;8813;
Provincia Autonoma Trento;54;8974;
Veneto;54;83004;
Friuli-Venezia Giulia;54;20188;
Emilia-Romagna;54;73078;
Toscana;54;61039;
Umbria;54;13593;
Marche;54;24150;
Lazio;54;96522;
Abruzzo;54;21101;
Molise;54;4852;
Campania;54;89438;
Puglia;54;62719;
Basilicata;54;8697;
Calabria;54;28766;
Sicilia;54;74259;
Sardegna;54;27287;
Piemonte;55;70813;
Valle d'Aosta / Vallée d'Aoste;55;2098;
Liguria;55;26641;
Lombardia;55;166587;
Provincia Autonoma Trento;55;9055;
Veneto;55;83013;
Friuli-Venezia Giulia;55;20373;
Emilia-Romagna;55;72027;
Toscana;55;60927;
Provincia Autonoma Bolzano / Bozen;55;8802;
Umbria;55;14113;
Marche;55;24018;
Lazio;55;96296;
Abruzzo;55;21119;
Molise;55;4836;
Campania;55;89310;
Puglia;55;62680;
Basilicata;55;8855;
Calabria;55;28565;
Sicilia;55;73612;
Sardegna;55;27162;
Friuli-Venezia Giulia;56;20771;
Emilia-Romagna;56;73254;
Toscana;56;61493;
Umbria;56;14157;
Marche;56;24757;
Lazio;56;97650;
Piemonte;56;71793;
Valle d'Aosta / Vallée d'Aoste;56;2246;
Liguria;56;26882;
Lombardia;56;165238;
Provincia Autonoma Bolzano / Bozen;56;8753;
Provincia Autonoma Trento;56;9053;
Veneto;56;83626;
Abruzzo;56;21226;
Molise;56;4997;
Campania;56;91047;
Puglia;56;63490;
Basilicata;56;9140;
Calabria;56;29798;
Sicilia;56;75486;
Sardegna;56;27761;
Toscana;57;57410;
Umbria;57;13255;
Marche;57;23411;
Lazio;57;91421;
Abruzzo;57;19978;
Molise;57;4668;
Campania;57;85323;
Puglia;57;58956;
Basilicata;57;8650;
Calabria;57;28123;
Sicilia;57;71451;
Sardegna;57;26527;
Piemonte;57;67073;
Valle d'Aosta / Vallée d'Aoste;57;2056;
Liguria;57;25197;
Lombardia;57;154528;
Provincia Autonoma Bolzano / Bozen;57;8171;
Provincia Autonoma Trento;57;8477;
Veneto;57;78305;
Friuli-Venezia Giulia;57;19669;
Emilia-Romagna;57;68462;
Piemonte;58;64495;
Valle d'Aosta / Vallée d'Aoste;58;1889;
Liguria;58;24294;
Lombardia;58;146372;
Provincia Autonoma Bolzano / Bozen;58;7836;
Provincia Autonoma Trento;58;7947;
Veneto;58;75338;
Friuli-Venezia Giulia;58;18572;
Emilia-Romagna;58;66081;
Toscana;58;55234;
Umbria;58;12913;
Marche;58;22249;
Lazio;58;87315;
Abruzzo;58;19275;
Molise;58;4545;
Campania;58;83270;
Puglia;58;57445;
Basilicata;58;8702;
Calabria;58;28024;
Sicilia;58;71056;
Sardegna;58;25865;
Piemonte;59;63732;
Valle d'Aosta / Vallée d'Aoste;59;1921;
Sicilia;59;69235;
Sardegna;59;25282;
Liguria;59;23514;
Lombardia;59;141768;
Provincia Autonoma Bolzano / Bozen;59;7547;
Provincia Autonoma Trento;59;8129;
Veneto;59;73613;
Friuli-Venezia Giulia;59;18102;
Emilia-Romagna;59;64567;
Toscana;59;54052;
Umbria;59;12808;
Marche;59;22531;
Lazio;59;84832;
Abruzzo;59;18920;
Molise;59;4502;
Campania;59;81414;
Puglia;59;56823;
Basilicata;59;8468;
Calabria;59;27678;
Piemonte;60;61668;
Valle d'Aosta / Vallée d'Aoste;60;1737;
Liguria;60;22690;
Lombardia;60;136622;
Provincia Autonoma Bolzano / Bozen;60;7220;
Provincia Autonoma Trento;60;7777;
Veneto;60;69489;
Friuli-Venezia Giulia;60;17484;
Emilia-Romagna;60;62451;
Toscana;60;52445;
Umbria;60;12676;
Marche;60;21693;
Lazio;60;81089;
Abruzzo;60;18592;
Molise;60;4605;
Campania;60;77860;
Puglia;60;55236;
Basilicata;60;8290;
Calabria;60;27389;
Sicilia;60;69176;
Sardegna;60;24507;
Sardegna;61;23959;
Basilicata;61;7966;
Sicilia;61;65645;
Puglia;61;53826;
Calabria;61;26702;
Piemonte;61;59945;
Valle d'Aosta / Vallée d'Aoste;61;1838;
Liguria;61;22421;
Lombardia;61;132494;
Provincia Autonoma Bolzano / Bozen;61;6919;
Provincia Autonoma Trento;61;7577;
Veneto;61;68905;
Friuli-Venezia Giulia;61;17228;
Emilia-Romagna;61;60916;
Toscana;61;51089;
Umbria;61;12125;
Abruzzo;61;18300;
Molise;61;4417;
Campania;61;76463;
Marche;61;21036;
Lazio;61;78364;
Piemonte;62;58292;
Valle d'Aosta / Vallée d'Aoste;62;1668;
Liguria;62;21437;
Lombardia;62;125927;
Provincia Autonoma Bolzano / Bozen;62;6457;
Provincia Autonoma Trento;62;7131;
Veneto;62;64520;
Friuli-Venezia Giulia;62;16243;
Emilia-Romagna;62;57951;
Toscana;62;49087;
Umbria;62;11454;
Marche;62;20427;
Lazio;62;74807;
Abruzzo;62;17563;
Molise;62;4166;
Campania;62;72429;
Puglia;62;50954;
Basilicata;62;7701;
Calabria;62;24811;
Sicilia;62;63493;
Sardegna;62;23511;
Piemonte;63;57825;
Valle d'Aosta / Vallée d'Aoste;63;1639;
Liguria;63;21181;
Lombardia;63;123171;
Basilicata;63;7545;
Calabria;63;25461;
Sicilia;63;63235;
Sardegna;63;23474;
Provincia Autonoma Bolzano / Bozen;63;6230;
Provincia Autonoma Trento;63;7040;
Veneto;63;62951;
Friuli-Venezia Giulia;63;15823;
Emilia-Romagna;63;57385;
Toscana;63;47944;
Umbria;63;11207;
Marche;63;19941;
Lazio;63;73311;
Abruzzo;63;17368;
Molise;63;4167;
Campania;63;71344;
Puglia;63;51577;
Sardegna;64;22961;
Piemonte;64;56456;
Valle d'Aosta / Vallée d'Aoste;64;1578;
Liguria;64;20524;
Lombardia;64;120853;
Provincia Autonoma Bolzano / Bozen;64;5876;
Provincia Autonoma Trento;64;6913;
Veneto;64;61750;
Friuli-Venezia Giulia;64;15616;
Emilia-Romagna;64;56281;
Toscana;64;47174;
Umbria;64;11381;
Marche;64;20044;
Lazio;64;71336;
Abruzzo;64;17026;
Molise;64;4158;
Campania;64;67810;
Puglia;64;50027;
Basilicata;64;7630;
Calabria;64;24618;
Sicilia;64;61570;
Piemonte;65;55245;
Valle d'Aosta / Vallée d'Aoste;65;1585;
Liguria;65;19899;
Lombardia;65;117123;
Provincia Autonoma Bolzano / Bozen;65;5589;
Provincia Autonoma Trento;65;6661;
Veneto;65;59358;
Friuli-Venezia Giulia;65;15223;
Emilia-Romagna;65;53914;
Toscana;65;46111;
Umbria;65;11096;
Marche;65;19231;
Lazio;65;69970;
Abruzzo;65;17006;
Molise;65;4068;
Campania;65;68341;
Puglia;65;49512;
Basilicata;65;7342;
Calabria;65;24384;
Sicilia;65;61159;
Sardegna;65;22197;
Provincia Autonoma Bolzano / Bozen;66;5349;
Provincia Autonoma Trento;66;6452;
Veneto;66;58217;
Friuli-Venezia Giulia;66;14969;
Emilia-Romagna;66;52218;
Toscana;66;45522;
Umbria;66;10782;
Marche;66;18527;
Lazio;66;68274;
Abruzzo;66;16631;
Molise;66;4113;
Campania;66;67297;
Puglia;66;47942;
Basilicata;66;7306;
Piemonte;66;54409;
Valle d'Aosta / Vallée d'Aoste;66;1564;
Liguria;66;19745;
Lombardia;66;114296;
Calabria;66;24165;
Sicilia;66;60419;
Sardegna;66;22418;
Provincia Autonoma Bolzano / Bozen;67;5220;
Provincia Autonoma Trento;67;6331;
Veneto;67;56027;
Friuli-Venezia Giulia;67;14785;
Emilia-Romagna;67;49885;
Toscana;67;43031;
Umbria;67;10601;
Marche;67;17979;
Abruzzo;67;15580;
Molise;67;3747;
Piemonte;67;52416;
Valle d'Aosta / Vallée d'Aoste;67;1543;
Liguria;67;19007;
Lazio;67;64096;
Campania;67;61505;
Puglia;67;46251;
Basilicata;67;6739;
Calabria;67;22760;
Sicilia;67;55580;
Sardegna;67;21243;
Lombardia;67;109974;
Piemonte;68;52091;
Valle d'Aosta / Vallée d'Aoste;68;1481;
Liguria;68;18341;
Lombardia;68;109155;
Provincia Autonoma Bolzano / Bozen;68;5070;
Provincia Autonoma Trento;68;6187;
Veneto;68;54880;
Friuli-Venezia Giulia;68;14601;
Emilia-Romagna;68;48963;
Toscana;68;42505;
Marche;68;17857;
Lazio;68;62272;
Abruzzo;68;15447;
Molise;68;3882;
Campania;68;59065;
Puglia;68;44198;
Basilicata;68;6650;
Calabria;68;21440;
Sicilia;68;54678;
Sardegna;68;20900;
Umbria;68;9950;
Piemonte;69;51078;
Liguria;69;18336;
Lombardia;69;107699;
Provincia Autonoma Bolzano / Bozen;69;4886;
Provincia Autonoma Trento;69;6010;
Friuli-Venezia Giulia;69;14359;
Emilia-Romagna;69;48063;
Calabria;69;21886;
Sicilia;69;53803;
Sardegna;69;20427;
Valle d'Aosta / Vallée d'Aoste;69;1475;
Veneto;69;53858;
Toscana;69;42188;
Umbria;69;10438;
Marche;69;18012;
Lazio;69;61151;
Abruzzo;69;15410;
Molise;69;3565;
Campania;69;58887;
Puglia;69;45468;
Basilicata;69;6469;
Provincia Autonoma Trento;70;6254;
Veneto;70;55822;
Friuli-Venezia Giulia;70;15232;
Piemonte;70;53054;
Valle d'Aosta / Vallée d'Aoste;70;1473;
Liguria;70;19390;
Lombardia;70;111472;
Provincia Autonoma Bolzano / Bozen;70;4951;
Emilia-Romagna;70;50227;
Toscana;70;43314;
Umbria;70;10547;
Marche;70;18263;
Lazio;70;62432;
Abruzzo;70;15765;
Molise;70;3804;
Campania;70;59475;
Puglia;70;46615;
Basilicata;70;6685;
Calabria;70;22127;
Sicilia;70;55171;
Sardegna;70;20401;
Emilia-Romagna;71;50547;
Veneto;71;54808;
Provincia Autonoma Trento;71;5875;
Basilicata;71;6709;
Provincia Autonoma Bolzano / Bozen;71;4810;
Sardegna;71;19722;
Lombardia;71;111771;
Calabria;71;21980;
Sicilia;71;54994;
Marche;71;17577;
Toscana;71;45048;
Umbria;71;10836;
Lazio;71;61988;
Campania;71;58886;
Puglia;71;46158;
Abruzzo;71;15968;
Molise;71;3968;
Friuli-Venezia Giulia;71;14969;
Piemonte;71;53245;
Valle d'Aosta / Vallée d'Aoste;71;1536;
Liguria;71;19538;
Liguria;72;20543;
Lombardia;72;114923;
Provincia Autonoma Bolzano / Bozen;72;4976;
Provincia Autonoma Trento;72;5968;
Veneto;72;56035;
Friuli-Venezia Giulia;72;15833;
Emilia-Romagna;72;52986;
Toscana;72;47593;
Umbria;72;11468;
Marche;72;18006;
Lazio;72;64758;
Piemonte;72;55638;
Valle d'Aosta / Vallée d'Aoste;72;1559;
Abruzzo;72;16088;
Molise;72;3838;
Campania;72;59776;
Puglia;72;48511;
Basilicata;72;6838;
Calabria;72;22042;
Sicilia;72;56411;
Sardegna;72;19912;
Piemonte;73;54007;
Valle d'Aosta / Vallée d'Aoste;73;1461;
Liguria;73;20945;
Lombardia;73;110497;
Provincia Autonoma Bolzano / Bozen;73;4718;
Provincia Autonoma Trento;73;5807;
Veneto;73;54256;
Friuli-Venezia Giulia;73;15706;
Emilia-Romagna;73;52284;
Toscana;73;47271;
Umbria;73;10570;
Marche;73;17285;
Lazio;73;63544;
Abruzzo;73;15113;
Molise;73;3621;
Campania;73;56967;
Puglia;73;45198;
Basilicata;73;6175;
Calabria;73;21223;
Sicilia;73;55078;
Sardegna;73;18919;
Piemonte;74;52212;
Valle d'Aosta / Vallée d'Aoste;74;1361;
Liguria;74;20899;
Lombardia;74;112705;
Provincia Autonoma Bolzano / Bozen;74;5105;
Provincia Autonoma Trento;74;6097;
Veneto;74;58174;
Friuli-Venezia Giulia;74;16385;
Emilia-Romagna;74;52590;
Toscana;74;47091;
Umbria;74;10076;
Marche;74;17198;
Lazio;74;61165;
Abruzzo;74;14554;
Molise;74;3344;
Campania;74;56773;
Puglia;74;44122;
Basilicata;74;5558;
Calabria;74;19269;
Sicilia;74;49793;
Sardegna;74;17528;
Piemonte;75;39559;
Valle d'Aosta / Vallée d'Aoste;75;1043;
Liguria;75;14986;
Lombardia;75;82179;
Provincia Autonoma Bolzano / Bozen;75;3727;
Provincia Autonoma Trento;75;4214;
Veneto;75;39484;
Friuli-Venezia Giulia;75;11071;
Emilia-Romagna;75;36742;
Toscana;75;36230;
Umbria;75;8049;
Marche;75;14092;
Lazio;75;47230;
Abruzzo;75;10811;
Molise;75;2598;
Campania;75;45592;
Puglia;75;36879;
Basilicata;75;4329;
Calabria;75;14883;
Sicilia;75;41691;
Sardegna;75;16267;
Piemonte;76;41898;
Valle d'Aosta / Vallée d'Aoste;76;1118;
Liguria;76;16774;
Lombardia;76;86828;
Provincia Autonoma Bolzano / Bozen;76;4357;
Provincia Autonoma Trento;76;4672;
Veneto;76;45096;
Friuli-Venezia Giulia;76;13036;
Emilia-Romagna;76;40660;
Toscana;76;35733;
Umbria;76;8443;
Marche;76;13460;
Lazio;76;46863;
Abruzzo;76;11487;
Molise;76;2512;
Campania;76;38475;
Puglia;76;32836;
Basilicata;76;4221;
Calabria;76;14720;
Sicilia;76;39374;
Sardegna;76;15733;
Piemonte;77;41088;
Valle d'Aosta / Vallée d'Aoste;77;1171;
Lombardia;77;84568;
Veneto;77;45252;
Sardegna;77;14958;
Liguria;77;16136;
Provincia Autonoma Bolzano / Bozen;77;4681;
Provincia Autonoma Trento;77;4737;
Friuli-Venezia Giulia;77;12652;
Emilia-Romagna;77;39824;
Toscana;77;35383;
Umbria;77;8749;
Marche;77;14011;
Lazio;77;48197;
Abruzzo;77;10986;
Molise;77;2321;
Campania;77;40833;
Puglia;77;32335;
Basilicata;77;4129;
Calabria;77;14305;
Sicilia;77;36893;
Piemonte;78;40864;
Valle d'Aosta / Vallée d'Aoste;78;1140;
Liguria;78;16228;
Lombardia;78;84774;
Provincia Autonoma Bolzano / Bozen;78;4529;
Provincia Autonoma Trento;78;4639;
Veneto;78;43251;
Friuli-Venezia Giulia;78;12565;
Emilia-Romagna;78;38469;
Toscana;78;33466;
Umbria;78;7926;
Marche;78;13108;
Lazio;78;46075;
Abruzzo;78;10512;
Molise;78;2251;
Campania;78;38176;
Puglia;78;32478;
Basilicata;78;4054;
Calabria;78;14034;
Sicilia;78;35905;
Sardegna;78;15122;
Piemonte;79;40637;
Valle d'Aosta / Vallée d'Aoste;79;1132;
Liguria;79;16552;
Lombardia;79;84970;
Provincia Autonoma Bolzano / Bozen;79;4482;
Provincia Autonoma Trento;79;4507;
Veneto;79;42076;
Friuli-Venezia Giulia;79;12482;
Emilia-Romagna;79;38673;
Toscana;79;33951;
Umbria;79;7946;
Marche;79;12967;
Lazio;79;45607;
Abruzzo;79;10337;
Molise;79;2440;
Campania;79;35905;
Puglia;79;30266;
Basilicata;79;3992;
Calabria;79;13289;
Sicilia;79;35240;
Sardegna;79;13715;
Toscana;80;37128;
Umbria;80;8693;
Marche;80;14419;
Lazio;80;49023;
Abruzzo;80;11561;
Molise;80;2730;
Campania;80;38278;
Puglia;80;31981;
Basilicata;80;4593;
Calabria;80;14893;
Sicilia;80;38963;
Sardegna;80;14824;
Piemonte;80;43370;
Valle d'Aosta / Vallée d'Aoste;80;1169;
Liguria;80;17412;
Lombardia;80;89950;
Provincia Autonoma Bolzano / Bozen;80;3967;
Provincia Autonoma Trento;80;4479;
Veneto;80;43330;
Friuli-Venezia Giulia;80;12816;
Emilia-Romagna;80;41388;
Piemonte;81;42060;
Valle d'Aosta / Vallée d'Aoste;81;1056;
Liguria;81;16722;
Lombardia;81;85609;
Provincia Autonoma Bolzano / Bozen;81;3883;
Provincia Autonoma Trento;81;4140;
Veneto;81;41293;
Friuli-Venezia Giulia;81;11910;
Emilia-Romagna;81;39791;
Toscana;81;34992;
Umbria;81;8310;
Marche;81;14394;
Lazio;81;45943;
Abruzzo;81;11397;
Molise;81;2815;
Campania;81;36305;
Puglia;81;30826;
Basilicata;81;4663;
Calabria;81;14079;
Sicilia;81;36334;
Sardegna;81;13544;
Piemonte;82;39728;
Valle d'Aosta / Vallée d'Aoste;82;1052;
Liguria;82;15862;
Lombardia;82;80173;
Provincia Autonoma Bolzano / Bozen;82;3435;
Provincia Autonoma Trento;82;3851;
Veneto;82;38317;
Friuli-Venezia Giulia;82;11017;
Emilia-Romagna;82;38356;
Toscana;82;34102;
Umbria;82;8208;
Marche;82;14041;
Lazio;82;42686;
Abruzzo;82;10067;
Molise;82;2331;
Puglia;82;28145;
Basilicata;82;4311;
Calabria;82;12920;
Sicilia;82;33445;
Sardegna;82;11901;
Campania;82;32271;
Valle d'Aosta / Vallée d'Aoste;83;910;
Lombardia;83;69123;
Piemonte;83;34798;
Veneto;83;33460;
Lazio;83;38010;
Liguria;83;14238;
Marche;83;12188;
Provincia Autonoma Bolzano / Bozen;83;2995;
Provincia Autonoma Trento;83;3366;
Friuli-Venezia Giulia;83;9711;
Emilia-Romagna;83;33199;
Toscana;83;29721;
Umbria;83;7046;
Abruzzo;83;9654;
Molise;83;2263;
Campania;83;29346;
Puglia;83;25575;
Basilicata;83;4146;
Calabria;83;11940;
Sicilia;83;28755;
Sardegna;83;10676;
Campania;84;25892;
Piemonte;84;30659;
Valle d'Aosta / Vallée d'Aoste;84;774;
Liguria;84;12540;
Lombardia;84;59954;
Provincia Autonoma Bolzano / Bozen;84;2729;
Provincia Autonoma Trento;84;3041;
Veneto;84;29558;
Friuli-Venezia Giulia;84;8584;
Emilia-Romagna;84;29000;
Toscana;84;25921;
Marche;84;10743;
Lazio;84;33851;
Abruzzo;84;8592;
Molise;84;2189;
Puglia;84;22542;
Basilicata;84;3761;
Calabria;84;11239;
Sicilia;84;26734;
Sardegna;84;9911;
Umbria;84;6243;
Piemonte;85;29189;
Valle d'Aosta / Vallée d'Aoste;85;686;
Liguria;85;11751;
Lombardia;85;57819;
Provincia Autonoma Bolzano / Bozen;85;2446;
Provincia Autonoma Trento;85;2939;
Veneto;85;28256;
Friuli-Venezia Giulia;85;7905;
Emilia-Romagna;85;29008;
Toscana;85;25289;
Marche;85;10637;
Lazio;85;32172;
Abruzzo;85;8250;
Molise;85;2066;
Umbria;85;6078;
Campania;85;24617;
Puglia;85;21450;
Basilicata;85;3503;
Calabria;85;10623;
Sicilia;85;25116;
Sardegna;85;8664;
Piemonte;86;25773;
Liguria;86;10564;
Lombardia;86;50773;
Provincia Autonoma Bolzano / Bozen;86;2341;
Provincia Autonoma Trento;86;2590;
Valle d'Aosta / Vallée d'Aoste;86;607;
Veneto;86;25615;
Friuli-Venezia Giulia;86;6849;
Emilia-Romagna;86;26603;
Toscana;86;22046;
Umbria;86;5572;
Marche;86;9421;
Lazio;86;28751;
Abruzzo;86;7352;
Molise;86;1966;
Campania;86;21392;
Puglia;86;19424;
Basilicata;86;3335;
Calabria;86;9636;
Sicilia;86;23353;
Sardegna;86;8448;
Piemonte;87;22488;
Valle d'Aosta / Vallée d'Aoste;87;590;
Liguria;87;9623;
Lombardia;87;44678;
Provincia Autonoma Bolzano / Bozen;87;2161;
Provincia Autonoma Trento;87;2313;
Veneto;87;21475;
Friuli-Venezia Giulia;87;6126;
Emilia-Romagna;87;22968;
Toscana;87;19775;
Umbria;87;5064;
Marche;87;8396;
Lazio;87;25042;
Abruzzo;87;6894;
Molise;87;1760;
Campania;87;19642;
Puglia;87;17080;
Basilicata;87;2979;
Calabria;87;8975;
Sicilia;87;20734;
Sardegna;87;7716;
Piemonte;88;20129;
Valle d'Aosta / Vallée d'Aoste;88;488;
Liguria;88;8770;
Lombardia;88;39915;
Provincia Autonoma Trento;88;2099;
Veneto;88;19373;
Friuli-Venezia Giulia;88;5501;
Molise;88;1467;
Campania;88;16903;
Puglia;88;14955;
Basilicata;88;2461;
Calabria;88;7705;
Sicilia;88;17337;
Provincia Autonoma Bolzano / Bozen;88;1900;
Emilia-Romagna;88;19760;
Toscana;88;17370;
Umbria;88;4218;
Marche;88;7090;
Lazio;88;21557;
Abruzzo;88;5743;
Sardegna;88;6582;
Basilicata;89;2138;
Calabria;89;6575;
Sicilia;89;15195;
Sardegna;89;5582;
Valle d'Aosta / Vallée d'Aoste;89;463;
Liguria;89;7631;
Piemonte;89;17747;
Lombardia;89;34530;
Provincia Autonoma Bolzano / Bozen;89;1635;
Provincia Autonoma Trento;89;1869;
Veneto;89;16959;
Friuli-Venezia Giulia;89;4798;
Emilia-Romagna;89;17844;
Toscana;89;15775;
Umbria;89;4010;
Marche;89;6718;
Lazio;89;19125;
Abruzzo;89;5212;
Molise;89;1294;
Campania;89;14486;
Puglia;89;13037;
Piemonte;90;15886;
Valle d'Aosta / Vallée d'Aoste;90;441;
Liguria;90;7037;
Lombardia;90;30193;
Provincia Autonoma Bolzano / Bozen;90;1440;
Provincia Autonoma Trento;90;1721;
Veneto;90;15255;
Friuli-Venezia Giulia;90;4475;
Emilia-Romagna;90;16174;
Toscana;90;14141;
Umbria;90;3540;
Marche;90;5814;
Lazio;90;17380;
Abruzzo;90;4831;
Molise;90;1269;
Campania;90;12800;
Puglia;90;11767;
Basilicata;90;1971;
Calabria;90;5768;
Sicilia;90;14040;
Sardegna;90;5143;
Piemonte;91;12442;
Valle d'Aosta / Vallée d'Aoste;91;335;
Liguria;91;5620;
Provincia Autonoma Trento;91;1362;
Toscana;91;11223;
Umbria;91;2767;
Marche;91;4485;
Lazio;91;13287;
Abruzzo;91;3669;
Molise;91;958;
Campania;91;9826;
Puglia;91;8850;
Basilicata;91;1565;
Calabria;91;4506;
Sicilia;91;10207;
Sardegna;91;4120;
Lombardia;91;23895;
Provincia Autonoma Bolzano / Bozen;91;1113;
Veneto;91;11795;
Friuli-Venezia Giulia;91;3501;
Emilia-Romagna;91;12752;
Umbria;92;2253;
Marche;92;3856;
Lazio;92;10598;
Campania;92;7891;
Abruzzo;92;2935;
Molise;92;749;
Puglia;92;7221;
Basilicata;92;1186;
Calabria;92;3607;
Sicilia;92;8365;
Sardegna;92;3402;
Piemonte;92;9570;
Valle d'Aosta / Vallée d'Aoste;92;274;
Liguria;92;4517;
Lombardia;92;18967;
Provincia Autonoma Bolzano / Bozen;92;896;
Provincia Autonoma Trento;92;1146;
Veneto;92;9911;
Friuli-Venezia Giulia;92;2857;
Emilia-Romagna;92;10601;
Toscana;92;9322;
Piemonte;93;7720;
Valle d'Aosta / Vallée d'Aoste;93;213;
Liguria;93;3550;
Lombardia;93;15165;
Provincia Autonoma Bolzano / Bozen;93;747;
Provincia Autonoma Trento;93;944;
Veneto;93;8175;
Friuli-Venezia Giulia;93;2405;
Emilia-Romagna;93;8669;
Toscana;93;7468;
Umbria;93;1943;
Marche;93;3213;
Lazio;93;8440;
Abruzzo;93;2471;
Molise;93;669;
Campania;93;5948;
Puglia;93;5926;
Basilicata;93;999;
Calabria;93;2820;
Sicilia;93;6247;
Sardegna;93;2575;
Calabria;94;2269;
Sicilia;94;4983;
Piemonte;94;5701;
Valle d'Aosta / Vallée d'Aoste;94;155;
Liguria;94;2755;
Lombardia;94;11399;
Provincia Autonoma Bolzano / Bozen;94;554;
Provincia Autonoma Trento;94;714;
Veneto;94;6106;
Friuli-Venezia Giulia;94;1909;
Emilia-Romagna;94;6662;
Toscana;94;5802;
Umbria;94;1458;
Marche;94;2446;
Sardegna;94;2066;
Lazio;94;6653;
Abruzzo;94;1789;
Molise;94;503;
Campania;94;4452;
Puglia;94;4281;
Basilicata;94;737;
Piemonte;95;4155;
Valle d'Aosta / Vallée d'Aoste;95;124;
Liguria;95;2092;
Lombardia;95;8643;
Provincia Autonoma Bolzano / Bozen;95;467;
Provincia Autonoma Trento;95;539;
Veneto;95;4676;
Friuli-Venezia Giulia;95;1475;
Emilia-Romagna;95;5260;
Toscana;95;4306;
Umbria;95;1158;
Marche;95;1904;
Lazio;95;4792;
Abruzzo;95;1393;
Molise;95;344;
Campania;95;3358;
Puglia;95;3107;
Basilicata;95;525;
Calabria;95;1661;
Sicilia;95;3707;
Sardegna;95;1404;
Piemonte;96;3053;
Valle d'Aosta / Vallée d'Aoste;96;69;
Puglia;96;2226;
Basilicata;96;365;
Calabria;96;1286;
Sicilia;96;2824;
Sardegna;96;1119;
Liguria;96;1501;
Lombardia;96;6203;
Provincia Autonoma Bolzano / Bozen;96;328;
Provincia Autonoma Trento;96;409;
Veneto;96;3333;
Friuli-Venezia Giulia;96;1135;
Emilia-Romagna;96;3823;
Toscana;96;3294;
Umbria;96;858;
Marche;96;1311;
Lazio;96;3672;
Abruzzo;96;1061;
Molise;96;294;
Campania;96;2390;
Piemonte;97;2279;
Valle d'Aosta / Vallée d'Aoste;97;60;
Liguria;97;1071;
Lombardia;97;4441;
Sardegna;97;762;
Provincia Autonoma Bolzano / Bozen;97;223;
Provincia Autonoma Trento;97;351;
Veneto;97;2462;
Friuli-Venezia Giulia;97;827;
Emilia-Romagna;97;2758;
Toscana;97;2381;
Umbria;97;548;
Marche;97;974;
Lazio;97;2664;
Abruzzo;97;734;
Molise;97;212;
Basilicata;97;313;
Campania;97;1748;
Puglia;97;1716;
Calabria;97;882;
Sicilia;97;1862;
Piemonte;98;1558;
Valle d'Aosta / Vallée d'Aoste;98;40;
Liguria;98;821;
Lombardia;98;2998;
Provincia Autonoma Bolzano / Bozen;98;181;
Provincia Autonoma Trento;98;233;
Veneto;98;1660;
Friuli-Venezia Giulia;98;573;
Emilia-Romagna;98;1892;
Toscana;98;1606;
Umbria;98;363;
Marche;98;645;
Lazio;98;1823;
Abruzzo;98;534;
Molise;98;159;
Campania;98;1179;
Puglia;98;1165;
Basilicata;98;210;
Calabria;98;577;
Sicilia;98;1289;
Sardegna;98;561;
Sicilia;99;825;
Sardegna;99;352;
Piemonte;99;1027;
Valle d'Aosta / Vallée d'Aoste;99;25;
Liguria;99;503;
Lombardia;99;2072;
Provincia Autonoma Bolzano / Bozen;99;107;
Provincia Autonoma Trento;99;147;
Veneto;99;1100;
Friuli-Venezia Giulia;99;462;
Emilia-Romagna;99;1313;
Umbria;99;255;
Marche;99;440;
Lazio;99;1311;
Abruzzo;99;382;
Toscana;99;1103;
Molise;99;107;
Campania;99;811;
Puglia;99;704;
Basilicata;99;156;
Calabria;99;400;
Provincia Autonoma Bolzano / Bozen;100;122;
Provincia Autonoma Trento;100;164;
Veneto;100;1328;
Emilia-Romagna;100;1603;
Piemonte;100;1204;
Valle d'Aosta / Vallée d'Aoste;100;34;
Liguria;100;733;
Lombardia;100;2536;
Friuli-Venezia Giulia;100;515;
Toscana;100;1290;
Umbria;100;325;
Marche;100;543;
Lazio;100;1606;
Abruzzo;100;487;
Molise;100;133;
Campania;100;1072;
Puglia;100;1002;
Basilicata;100;165;
Calabria;100;559;
Sicilia;100;1167;
Sardegna;100;568;
